ScoreId,GameId,PlayerId,Rank,RawScore,Score,
1,1,23,1,0,38,
2,1,52,2,0,13,
3,1,6,3,0,-9,
4,1,98,4,0,-42,
5,2,6,1,0,30,
6,2,98,2,0,12,
7,2,66,3,0,-16,
8,2,39,4,0,-26,
9,3,66,1,0,26,
10,3,6,2,0,14,
11,3,98,3,0,-2,
12,3,84,4,0,-38,
13,4,98,1,0,28,
14,4,66,2,0,15,
15,4,84,3,0,-14,
16,4,6,4,0,-29,
17,5,70,1,0,37,
18,5,23,2,0,22,
19,5,6,3,0,0,
20,5,98,4,0,-59,
21,6,6,1,0,36,
22,6,84,2,0,24,
23,6,39,3,0,-23,
24,6,66,4,0,-37,
25,7,98,1,0,32,
26,7,70,2,0,18,
27,7,65,3,0,1,
28,7,23,4,0,-51,
29,8,6,1,0,31,
30,8,39,2,0,8,
31,8,70,3,0,-3,
32,8,23,4,0,-36,
33,9,12,1,0,37,
34,9,66,2,0,14,
35,9,84,3,0,3,
36,9,65,4,0,-8,
37,9,98,5,0,-46,
38,10,98,1,0,34,
39,10,66,2,0,20,
40,10,23,3,0,-11,
41,10,6,4,0,-43,
42,11,70,1,0,31,
43,11,65,2,0,12,
44,11,52,3,0,-13,
45,11,39,4,0,-30,
46,12,39,1,0,34,
47,12,23,2,0,12,
48,12,65,3,0,-2,
49,12,84,4,0,-44,
50,13,98,1,0,34,
51,13,66,2,0,9,
52,13,39,3,0,-2,
53,13,79,4,0,-41,
54,14,98,1,0,43,
55,14,23,2,0,3,
56,14,84,3,0,-8,
57,14,12,4,0,-37,
58,15,52,1,0,25,
59,15,23,2,0,14,
60,15,98,3,0,-13,
61,15,39,4,0,-26,
62,16,39,1,0,35,
63,16,12,2,0,13,
64,16,98,3,0,-14,
65,16,66,4,0,-32,
66,17,52,1,0,28,
67,17,23,2,0,11,
68,17,12,3,0,-12,
69,17,98,4,0,-27,
70,18,39,1,0,54,
71,18,84,2,0,6,
72,18,66,3,0,-27,
73,18,98,4,0,-43,
74,19,98,1,0,33,
75,19,65,2,0,11,
76,19,70,3,0,-1,
77,19,79,4,0,-16,
78,19,52,5,0,-27,
79,20,23,1,0,42,
80,20,39,2,0,15,
81,20,66,3,0,5,
82,20,84,4,0,-27,
83,20,12,5,0,-45,
84,21,23,1,0,22,
85,21,52,2,0,11,
86,21,98,3,0,0,
87,21,39,4,0,-33,
88,22,84,1,0,43,
89,22,98,2,0,13,
90,22,52,3,0,-2,
91,22,70,4,0,-17,
92,22,65,5,0,-37,
93,23,84,1,0,47,
94,23,52,2,0,8,
95,23,70,3,0,-5,
96,23,66,4,0,-17,
97,23,65,5,0,-33,
98,24,39,1,0,65,
99,24,98,2,0,2,
100,24,23,3,0,-24,
101,24,12,4,0,-43,
102,25,39,1,0,33,
103,25,98,2,0,27,
104,25,12,3,0,-16,
105,25,23,4,0,-34,
106,26,98,1,0,49,
107,26,23,2,0,14,
108,26,65,3,0,-23,
109,26,70,4,0,-40,
110,27,84,1,0,25,
111,27,6,2,0,6,
112,27,39,3,0,-10,
113,27,12,4,0,-21,
114,28,70,1,0,23,
115,28,98,2,0,6,
116,28,23,3,0,-8,
117,28,6,4,0,-21,
118,29,84,1,0,39,
119,29,66,2,0,21,
120,29,65,3,0,-10,
121,29,7,4,0,-50,
122,30,39,1,0,48,
123,30,70,2,0,16,
124,30,23,3,0,2,
125,30,6,4,0,-10,
126,30,98,5,0,-56,
127,31,66,1,0,29,
128,31,84,2,0,5,
129,31,7,3,0,-9,
130,31,65,4,0,-25,
131,32,39,1,0,31,
132,32,65,2,0,15,
133,32,6,3,0,1,
134,32,66,4,0,-13,
135,32,52,5,0,-34,
136,33,98,1,0,42,
137,33,23,2,0,15,
138,33,7,3,0,2,
139,33,12,4,0,-20,
140,33,70,5,0,-39,
141,34,7,1,0,41,
142,34,39,2,0,16,
143,34,6,3,0,-9,
144,34,98,4,0,-48,
145,35,98,1,0,36,
146,35,7,2,0,6,
147,35,39,3,0,-10,
148,35,6,4,0,-32,
149,36,84,1,0,42,
150,36,70,2,0,3,
151,36,23,3,0,-13,
152,36,65,4,0,-32,
153,37,39,1,0,28,
154,37,6,2,0,5,
155,37,65,3,0,-10,
156,37,98,4,0,-24,
157,38,70,1,0,50,
158,38,84,2,0,28,
159,38,12,3,0,0,
160,38,52,4,0,-20,
161,38,66,5,0,-58,
162,39,70,1,0,37,
163,39,98,2,0,12,
164,39,23,3,0,-9,
165,39,39,4,0,-40,
166,40,52,1,0,56,
167,40,12,2,0,15,
168,40,66,3,0,2,
169,40,61,4,0,-18,
170,40,65,5,0,-55,
171,41,39,1,0,33,
172,41,52,2,0,15,
173,41,23,3,0,0,
174,41,84,4,0,-14,
175,41,12,5,0,-34,
176,42,6,1,0,29,
177,42,70,2,0,10,
178,42,98,3,0,-1,
179,42,66,4,0,-38,
180,43,52,1,0,21,
181,43,39,2,0,5,
182,43,98,3,0,-6,
183,43,6,4,0,-20,
184,44,66,1,0,31,
185,44,12,2,0,17,
186,44,23,3,0,-3,
187,44,84,4,0,-45,
188,45,70,1,0,55,
189,45,66,2,0,5,
190,45,65,2,0,5,
191,45,98,4,0,-16,
192,45,12,5,0,-49,
193,46,23,1,0,17,
194,46,39,2,0,9,
195,46,84,3,0,-9,
196,46,52,4,0,-27,
197,47,52,1,0,44,
198,47,61,2,0,14,
199,47,23,3,0,-17,
200,47,70,4,0,-41,
201,48,66,1,0,43,
202,48,98,2,0,15,
203,48,39,3,0,-6,
204,48,65,4,0,-52,
205,49,52,1,0,26,
206,49,23,2,0,7,
207,49,98,3,0,-10,
208,49,61,4,0,-23,
209,50,66,1,0,40,
210,50,31,2,0,14,
211,50,70,3,0,-15,
212,50,98,4,0,-39,
213,51,6,1,0,51,
214,51,98,2,0,14,
215,51,65,3,0,-24,
216,51,52,4,0,-41,
217,52,84,1,0,22,
218,52,70,2,0,8,
219,52,66,3,0,-10,
220,52,23,4,0,-25,
221,53,52,1,0,45,
222,53,31,2,0,15,
223,53,12,3,0,-7,
224,53,84,4,0,-20,
225,53,66,5,0,-33,
226,54,6,1,0,26,
227,54,23,2,0,8,
228,54,39,2,0,8,
229,54,98,4,0,-9,
230,54,65,5,0,-33,
231,55,52,1,0,39,
232,55,39,2,0,14,
233,55,98,3,0,4,
234,55,12,4,0,-9,
235,55,31,5,0,-48,
236,56,70,1,0,41,
237,56,6,2,0,18,
238,56,84,3,0,4,
239,56,21,4,0,-16,
240,56,66,5,0,-47,
241,57,23,1,0,28,
242,57,52,2,0,16,
243,57,21,3,0,3,
244,57,39,4,0,-9,
245,57,6,5,0,-38,
246,58,98,1,0,41,
247,58,84,2,0,24,
248,58,70,3,0,0,
249,58,65,4,0,-12,
250,58,31,5,0,-53,
251,59,98,1,0,23,
252,59,61,2,0,3,
253,59,66,3,0,-7,
254,59,12,4,0,-19,
255,60,6,1,0,25,
256,60,70,2,0,8,
257,60,84,3,0,-8,
258,60,65,4,0,-25,
259,61,6,1,0,25,
260,61,70,2,0,8,
261,61,84,3,0,-8,
262,61,65,4,0,-25,
263,62,31,1,0,29,
264,62,23,2,0,16,
265,62,39,3,0,5,
266,62,52,4,0,-14,
267,62,21,5,0,-36,
268,63,84,1,0,22,
269,63,23,2,0,9,
270,63,6,3,0,-7,
271,63,61,4,0,-24,
272,64,66,1,0,40,
273,64,39,2,0,3,
274,64,52,3,0,-16,
275,64,65,4,0,-27,
276,65,98,1,0,43,
277,65,31,2,0,4,
278,65,22,3,0,-7,
279,65,70,4,0,-40,
280,66,31,1,0,33,
281,66,12,2,0,12,
282,66,23,3,0,1,
283,66,66,4,0,-10,
284,66,98,5,0,-36,
285,67,65,1,0,65,
286,67,70,2,0,22,
287,67,84,3,0,-13,
288,67,39,4,0,-24,
289,67,52,5,0,-50,
290,68,70,1,0,35,
291,68,6,2,0,18,
292,68,31,3,0,-13,
293,68,65,4,0,-40,
294,69,98,1,0,23,
295,69,39,2,0,12,
296,69,84,3,0,-10,
297,69,23,4,0,-25,
298,70,98,1,0,49,
299,70,6,2,0,24,
300,70,65,3,0,-4,
301,70,84,4,0,-21,
302,70,12,5,0,-48,
303,71,31,1,0,32,
304,71,23,2,0,7,
305,71,70,3,0,7,
306,71,39,4,0,-16,
307,71,52,5,0,-30,
308,72,39,1,0,38,
309,72,6,2,0,9,
310,72,98,3,0,-3,
311,72,23,4,0,-44,
312,73,52,1,0,29,
313,73,12,2,0,3,
314,73,6,3,0,-8,
315,73,84,4,0,-24,
316,74,61,1,0,44,
317,74,39,2,0,10,
318,74,52,3,0,-4,
319,74,84,4,0,-18,
320,74,12,5,0,-32,
321,75,98,1,0,29,
322,75,31,2,0,13,
323,75,23,3,0,-9,
324,75,42,4,0,-33,
325,76,31,1,0,28,
326,76,67,2,0,2,
327,76,84,3,0,-9,
328,76,61,4,0,-21,
329,77,23,1,0,29,
330,77,98,2,0,7,
331,77,39,3,0,-7,
332,77,52,4,0,-29,
333,78,66,1,0,52,
334,78,39,2,0,13,
335,78,23,3,0,-5,
336,78,52,4,0,-60,
337,79,31,1,0,61,
338,79,84,2,0,-8,
339,79,98,3,0,-20,
340,79,52,4,0,-33,
341,80,39,1,0,43,
342,80,31,2,0,17,
343,80,84,3,0,5,
344,80,6,4,0,-22,
345,80,98,5,0,-43,
346,81,23,1,0,23,
347,81,39,2,0,11,
348,81,22,3,0,-6,
349,81,84,4,0,-28,
350,82,52,1,0,76,
351,82,45,2,0,-10,
352,82,66,3,0,-23,
353,82,47,4,0,-43,
354,83,45,1,0,44,
355,83,47,2,0,13,
356,83,22,3,0,-7,
357,83,55,4,0,-50,
358,84,23,1,0,39,
359,84,39,2,0,7,
360,84,61,3,0,-14,
361,84,66,4,0,-32,
362,85,52,1,0,47,
363,85,98,2,0,17,
364,85,31,3,0,-22,
365,85,84,4,0,-42,
366,86,84,1,0,35,
367,86,52,2,0,18,
368,86,22,3,0,5,
369,86,45,4,0,-16,
370,86,55,5,0,-42,
371,87,47,1,0,33,
372,87,39,2,0,14,
373,87,31,3,0,3,
374,87,98,4,0,-19,
375,87,23,5,0,-31,
376,88,61,1,0,48,
377,88,52,2,0,11,
378,88,84,3,0,0,
379,88,13,4,0,-10,
380,88,55,5,0,-49,
381,89,55,1,0,55,
382,89,23,2,0,14,
383,89,45,3,0,4,
384,89,12,4,0,-22,
385,89,47,5,0,-51,
386,90,13,1,0,26,
387,90,39,2,0,11,
388,90,98,3,0,-11,
389,90,22,4,0,-26,
390,91,61,1,0,38,
391,91,31,2,0,8,
392,91,52,3,0,-12,
393,91,66,4,0,-34,
394,92,6,1,0,48,
395,92,84,2,0,4,
396,92,47,3,0,-17,
397,92,52,4,0,-35,
398,93,66,1,0,102,
399,93,22,2,0,1,
400,93,13,3,0,-18,
401,93,39,4,0,-28,
402,93,31,5,0,-57,
403,94,23,1,0,37,
404,94,98,2,0,7,
405,94,45,3,0,-14,
406,94,55,4,0,-30,
407,95,21,1,0,27,
408,95,31,2,0,5,
409,95,83,3,0,-9,
410,95,55,4,0,-23,
411,96,21,1,0,32,
412,96,31,2,0,20,
413,96,98,3,0,-8,
414,96,83,4,0,-44,
415,97,45,1,0,22,
416,97,12,2,0,12,
417,97,39,3,0,-8,
418,97,31,4,0,-26,
419,98,6,1,0,25,
420,98,23,2,0,12,
421,98,52,3,0,-3,
422,98,61,4,0,-34,
423,99,98,1,0,26,
424,99,52,2,0,11,
425,99,13,3,0,-11,
426,99,45,4,0,-26,
427,100,70,1,0,29,
428,100,98,2,0,12,
429,100,84,3,0,5,
430,100,23,4,0,-46,
431,101,45,1,0,43,
432,101,52,2,0,27,
433,101,6,3,0,-1,
434,101,23,4,0,-26,
435,101,55,5,0,-43,
436,102,31,1,0,38,
437,102,39,2,0,19,
438,102,12,3,0,3,
439,102,47,4,0,-19,
440,102,4,5,0,-41,
441,103,84,1,0,29,
442,103,52,2,0,18,
443,103,61,3,0,-12,
444,103,83,4,0,-35,
445,104,47,1,0,33,
446,104,31,2,0,13,
447,104,45,3,0,-3,
448,104,55,4,0,-43,
449,105,98,1,0,36,
450,105,12,2,0,10,
451,105,39,3,0,-7,
452,105,4,4,0,-39,
453,106,31,1,0,45,
454,106,47,2,0,19,
455,106,66,3,0,-6,
456,106,23,4,0,-18,
457,106,84,5,0,-40,
458,107,52,1,0,38,
459,107,4,2,0,22,
460,107,55,3,0,1,
461,107,39,4,0,-21,
462,107,45,5,0,-40,
463,108,12,1,0,48,
464,108,22,2,0,25,
465,108,98,3,0,-12,
466,108,70,4,0,-24,
467,108,89,5,0,-37,
468,109,47,1,0,33,
469,109,23,2,0,23,
470,109,45,3,0,6,
471,109,55,4,0,-13,
472,109,4,5,0,-49,
473,110,84,1,0,30,
474,110,66,2,0,8,
475,110,31,3,0,-8,
476,110,39,4,0,-30,
477,111,52,1,0,39,
478,111,98,2,0,15,
479,111,61,3,0,-15,
480,111,72,4,0,-39,
481,112,98,1,0,35,
482,112,52,2,0,13,
483,112,39,3,0,-4,
484,112,55,4,0,-44,
485,113,4,1,0,43,
486,113,66,2,0,14,
487,113,31,3,0,-16,
488,113,12,4,0,-41,
489,114,23,1,0,39,
490,114,89,2,0,24,
491,114,47,3,0,-8,
492,114,84,4,0,-20,
493,114,45,5,0,-35,
494,115,39,1,0,22,
495,115,23,2,0,8,
496,115,52,3,0,-5,
497,115,31,4,0,-25,
498,116,66,1,0,28,
499,116,61,2,0,6,
500,116,84,3,0,-7,
501,116,45,4,0,-27,
502,117,55,1,0,27,
503,117,98,2,0,10,
504,117,4,3,0,-3,
505,117,12,4,0,-34,
506,118,97,1,0,34,
507,118,31,2,0,16,
508,118,39,3,0,-13,
509,118,52,4,0,-37,
510,119,68,1,0,38,
511,119,98,2,0,26,
512,119,23,3,0,-1,
513,119,61,4,0,-17,
514,119,4,5,0,-46,
515,120,70,1,0,37,
516,120,89,2,0,22,
517,120,47,3,0,-18,
518,120,12,4,0,-41,
519,121,6,1,0,41,
520,121,84,2,0,12,
521,121,45,3,0,-8,
522,121,55,4,0,-45,
523,122,61,1,0,39,
524,122,84,2,0,9,
525,122,98,3,0,-2,
526,122,12,4,0,-15,
527,122,4,5,0,-31,
528,123,47,1,0,43,
529,123,45,2,0,30,
530,123,52,3,0,-8,
531,123,39,4,0,-20,
532,123,31,5,0,-45,
533,124,39,1,0,39,
534,124,61,2,0,21,
535,124,66,3,0,-19,
536,124,4,4,0,-41,
537,125,47,1,0,36,
538,125,6,2,0,19,
539,125,52,3,0,-7,
540,125,31,4,0,-18,
541,125,23,5,0,-30,
542,126,6,1,0,31,
543,126,89,2,0,10,
544,126,23,3,0,-9,
545,126,4,4,0,-32,
546,127,84,1,0,41,
547,127,47,2,0,27,
548,127,66,3,0,-21,
549,127,61,4,0,-47,
550,128,31,1,0,65,
551,128,45,2,0,4,
552,128,39,3,0,-11,
553,128,98,4,0,-21,
554,128,52,5,0,-37,
555,129,89,1,0,33,
556,129,52,2,0,17,
557,129,45,3,0,-8,
558,129,61,4,0,-42,
559,130,98,1,0,33,
560,130,47,2,0,12,
561,130,31,3,0,-6,
562,130,23,4,0,-39,
563,131,39,1,0,21,
564,131,4,2,0,10,
565,131,12,3,0,-8,
566,131,84,4,0,-23,
567,132,47,1,0,41,
568,132,84,2,0,25,
569,132,45,3,0,-6,
570,132,52,4,0,-19,
571,132,23,5,0,-41,
572,133,61,1,0,30,
573,133,4,2,0,14,
574,133,70,3,0,-17,
575,133,31,4,0,-27,
576,134,83,1,0,40,
577,134,98,2,0,19,
578,134,47,3,0,-18,
579,134,23,4,0,-41,
580,135,98,1,0,31,
581,135,83,2,0,7,
582,135,47,3,0,-11,
583,135,23,4,0,-27,
584,136,61,1,0,26,
585,136,31,2,0,7,
586,136,12,3,0,-5,
587,136,59,4,0,-28,
588,137,45,1,0,39,
589,137,24,2,0,3,
590,137,23,3,0,-15,
591,137,89,4,0,-27,
592,138,33,1,0,26,
593,138,13,2,0,7,
594,138,31,3,0,-9,
595,138,39,4,0,-24,
596,139,98,1,0,44,
597,139,66,2,0,13,
598,139,23,3,0,-3,
599,139,63,4,0,-54,
600,140,4,1,0,40,
601,140,6,2,0,12,
602,140,47,3,0,-12,
603,140,45,4,0,-40,
604,141,52,1,0,20,
605,141,24,2,0,10,
606,141,61,3,0,-5,
607,141,9,4,0,-25,
608,142,6,1,0,48,
609,142,39,2,0,15,
610,142,84,3,0,2,
611,142,33,4,0,-16,
612,142,98,5,0,-49,
613,143,61,1,0,36,
614,143,52,2,0,25,
615,143,4,3,0,4,
616,143,47,4,0,-27,
617,143,9,5,0,-38,
618,144,61,1,0,30,
619,144,98,2,0,14,
620,144,42,3,0,-5,
621,144,52,4,0,-39,
622,145,24,1,0,82,
623,145,6,2,0,26,
624,145,23,3,0,-18,
625,145,84,4,0,-29,
626,145,45,5,0,-61,
627,146,66,1,0,23,
628,146,4,2,0,10,
629,146,47,3,0,-6,
630,146,9,4,0,-27,
631,147,4,1,0,33,
632,147,39,2,0,22,
633,147,13,3,0,3,
634,147,12,4,0,-13,
635,147,84,5,0,-45,
636,148,61,1,0,29,
637,148,21,2,0,12,
638,148,60,3,0,-1,
639,148,59,4,0,-40,
640,149,23,1,0,33,
641,149,45,2,0,23,
642,149,47,3,0,2,
643,149,42,4,0,-15,
644,149,24,5,0,-43,
645,150,52,1,0,73,
646,150,9,2,0,18,
647,150,4,3,0,-3,
648,150,40,4,0,-31,
649,150,66,5,0,-57,
650,151,60,1,0,30,
651,151,59,2,0,16,
652,151,61,3,0,2,
653,151,21,4,0,-48,
654,152,6,1,0,26,
655,152,84,2,0,8,
656,152,98,3,0,-7,
657,152,39,4,0,-27,
658,153,4,1,0,40,
659,153,47,2,0,16,
660,153,45,3,0,-2,
661,153,89,4,0,-19,
662,153,84,5,0,-35,
663,154,6,1,0,30,
664,154,42,2,0,16,
665,154,69,3,0,-9,
666,154,12,4,0,-37,
667,155,61,1,0,34,
668,155,43,2,0,18,
669,155,39,3,0,2,
670,155,98,4,0,-14,
671,155,9,5,0,-40,
672,156,21,1,0,33,
673,156,23,2,0,14,
674,156,66,3,0,2,
675,156,24,4,0,-13,
676,156,52,5,0,-36,
677,157,47,1,0,60,
678,157,24,2,0,8,
679,157,98,3,0,-4,
680,157,45,4,0,-19,
681,157,6,5,0,-45,
682,158,9,1,0,38,
683,158,4,2,0,24,
684,158,84,3,0,1,
685,158,89,4,0,-26,
686,158,52,5,0,-37,
687,159,61,1,0,43,
688,159,21,2,0,11,
689,159,55,3,0,0,
690,159,39,4,0,-13,
691,159,23,5,0,-41,
692,160,61,1,0,26,
693,160,52,2,0,11,
694,160,42,3,0,0,
695,160,66,4,0,-37,
696,161,24,1,0,41,
697,161,98,2,0,3,
698,161,45,3,0,-11,
699,161,47,4,0,-33,
700,162,21,1,0,40,
701,162,39,2,0,8,
702,162,66,3,0,-3,
703,162,4,4,0,-45,
704,163,47,1,0,32,
705,163,9,2,0,14,
706,163,89,3,0,-18,
707,163,21,4,0,-28,
708,164,24,1,0,26,
709,164,6,2,0,15,
710,164,83,3,0,-8,
711,164,42,4,0,-33,
712,165,98,1,0,40,
713,165,23,2,0,10,
714,165,4,3,0,-6,
715,165,61,4,0,-44,
716,166,52,1,0,28,
717,166,13,2,0,14,
718,166,84,3,0,-2,
719,166,16,4,0,-40,
720,167,55,1,0,25,
721,167,84,2,0,11,
722,167,66,3,0,-6,
723,167,45,4,0,-30,
724,168,61,1,0,34,
725,168,12,2,0,16,
726,168,88,3,0,-13,
727,168,70,4,0,-37,
728,169,47,1,0,46,
729,169,9,2,0,22,
730,169,23,3,0,-7,
731,169,6,4,0,-18,
732,169,52,5,0,-43,
733,170,18,1,0,46,
734,170,39,2,0,28,
735,170,24,3,0,-7,
736,170,42,4,0,-28,
737,170,16,5,0,-39,
738,171,84,1,0,39,
739,171,98,2,0,14,
740,171,61,3,0,4,
741,171,70,4,0,-10,
742,171,47,5,0,-47,
743,172,9,1,0,38,
744,172,23,2,0,17,
745,172,24,3,0,1,
746,172,16,4,0,-11,
747,172,18,5,0,-45,
748,173,21,1,0,39,
749,173,4,2,0,29,
750,173,55,3,0,-7,
751,173,42,4,0,-18,
752,173,66,5,0,-43,
753,174,84,1,0,35,
754,174,23,2,0,14,
755,174,16,3,0,-15,
756,174,6,4,0,-34,
757,175,66,1,0,33,
758,175,9,2,0,11,
759,175,21,3,0,-3,
760,175,83,4,0,-41,
761,176,42,1,0,47,
762,176,39,2,0,12,
763,176,70,3,0,-17,
764,176,18,4,0,-42,
765,177,57,1,0,28,
766,177,52,2,0,17,
767,177,88,3,0,-18,
768,177,61,4,0,-27,
769,178,98,1,0,30,
770,178,4,2,0,16,
771,178,24,3,0,-4,
772,178,59,4,0,-42,
773,179,47,1,0,46,
774,179,98,2,0,28,
775,179,4,3,0,3,
776,179,52,4,0,-29,
777,179,45,5,0,-48,
778,180,9,1,0,39,
779,180,18,2,0,22,
780,180,66,3,0,3,
781,180,84,4,0,-27,
782,180,42,5,0,-37,
783,181,57,1,0,39,
784,181,24,2,0,29,
785,181,70,3,0,12,
786,181,21,4,0,-34,
787,181,55,5,0,-46,
788,182,4,1,0,29,
789,182,84,2,0,4,
790,182,70,3,0,-11,
791,182,83,4,0,-22,
792,183,47,1,0,27,
793,183,38,2,0,17,
794,183,13,3,0,-4,
795,183,57,4,0,-40,
796,184,98,1,0,33,
797,184,61,2,0,22,
798,184,23,3,0,-5,
799,184,66,4,0,-50,
800,185,18,1,0,37,
801,185,9,2,0,8,
802,185,21,3,0,-12,
803,185,42,4,0,-33,
804,186,55,1,0,27,
805,186,24,2,0,16,
806,186,52,3,0,5,
807,186,16,4,0,-48,
808,187,70,1,0,46,
809,187,84,2,0,24,
810,187,52,3,0,1,
811,187,54,4,0,-25,
812,187,16,5,0,-46,
813,188,23,1,0,48,
814,188,45,2,0,6,
815,188,6,3,0,-15,
816,188,55,4,0,-39,
817,189,9,1,0,47,
818,189,98,2,0,36,
819,189,61,3,0,-13,
820,189,47,4,0,-25,
821,189,42,5,0,-45,
822,190,18,1,0,28,
823,190,39,2,0,16,
824,190,21,3,0,-1,
825,190,4,4,0,-13,
826,190,57,5,0,-30,
827,191,57,1,0,67,
828,191,38,2,0,22,
829,191,89,3,0,4,
830,191,39,4,0,-18,
831,191,4,5,0,-75,
832,192,13,1,0,29,
833,192,23,2,0,16,
834,192,84,3,0,-5,
835,192,70,4,0,-40,
836,193,21,1,0,24,
837,193,42,2,0,8,
838,193,12,3,0,-3,
839,193,55,4,0,-29,
840,194,52,1,0,33,
841,194,24,2,0,14,
842,194,61,3,0,-5,
843,194,9,4,0,-42,
844,195,13,1,0,46,
845,195,47,2,0,13,
846,195,61,3,0,-15,
847,195,45,4,0,-44,
848,196,70,1,0,24,
849,196,84,2,0,10,
850,196,6,3,0,0,
851,196,9,4,0,-34,
852,197,66,1,0,32,
853,197,23,2,0,19,
854,197,55,3,0,6,
855,197,24,4,0,-10,
856,197,12,5,0,-47,
857,198,89,1,0,22,
858,198,57,2,0,7,
859,198,39,3,0,-7,
860,198,42,4,0,-22,
861,199,38,1,0,34,
862,199,4,2,0,12,
863,199,98,3,0,0,
864,199,52,4,0,-16,
865,199,21,5,0,-30,
866,200,47,1,0,48,
867,200,61,2,0,3,
868,200,45,3,0,-19,
869,200,13,4,0,-32,
870,201,42,1,0,33,
871,201,84,2,0,20,
872,201,23,3,0,7,
873,201,31,4,0,-19,
874,201,98,5,0,-41,
875,202,9,1,0,76,
876,202,4,2,0,12,
877,202,45,3,0,-8,
878,202,61,4,0,-30,
879,202,52,5,0,-50,
880,203,70,1,0,55,
881,203,55,2,0,20,
882,203,57,3,0,-9,
883,203,39,4,0,-24,
884,203,47,5,0,-42,
885,204,89,1,0,54,
886,204,61,2,0,12,
887,204,57,3,0,-25,
888,204,23,4,0,-41,
889,205,98,1,0,29,
890,205,52,2,0,13,
891,205,21,3,0,-11,
892,205,4,4,0,-31,
893,206,9,1,0,40,
894,206,84,2,0,8,
895,206,42,3,0,-8,
896,206,70,4,0,-40,
897,207,39,1,0,26,
898,207,55,2,0,10,
899,207,66,3,0,-4,
900,207,47,4,0,-32,
901,208,98,1,0,35,
902,208,48,2,0,14,
903,208,4,3,0,1,
904,208,55,4,0,-13,
905,208,45,5,0,-37,
906,209,70,1,0,59,
907,209,66,2,0,15,
908,209,52,3,0,0,
909,209,83,4,0,-21,
910,209,61,5,0,-53,
911,210,84,1,0,30,
912,210,39,2,0,12,
913,210,47,3,0,0,
914,210,43,4,0,-12,
915,210,57,5,0,-30,
916,211,4,1,0,29,
917,211,42,2,0,5,
918,211,55,3,0,-12,
919,211,9,4,0,-22,
920,212,98,1,0,31,
921,212,39,2,0,9,
922,212,23,3,0,-5,
923,212,21,4,0,-35,
924,213,6,1,0,43,
925,213,45,2,0,12,
926,213,52,3,0,-13,
927,213,84,4,0,-42,
928,214,70,1,0,34,
929,214,47,2,0,14,
930,214,61,3,0,-16,
931,214,71,4,0,-32,
932,215,42,1,0,37,
933,215,47,2,0,26,
934,215,70,3,0,7,
935,215,6,4,0,-24,
936,215,9,5,0,-46,
937,216,4,1,0,29,
938,216,23,2,0,13,
939,216,84,3,0,-10,
940,216,71,4,0,-32,
941,217,98,1,0,42,
942,217,52,2,0,16,
943,217,61,3,0,-3,
944,217,55,4,0,-14,
945,217,31,5,0,-41,
946,218,4,1,0,32,
947,218,83,2,0,13,
948,218,71,3,0,-2,
949,218,52,4,0,-43,
950,219,47,1,0,26,
951,219,6,2,0,7,
952,219,55,3,0,-6,
953,219,23,4,0,-27,
954,220,39,1,0,39,
955,220,9,2,0,9,
956,220,83,3,0,-18,
957,220,90,4,0,-30,
958,221,45,1,0,45,
959,221,42,2,0,8,
960,221,98,3,0,-21,
961,221,12,4,0,-32,
962,222,23,1,0,38,
963,222,6,2,0,26,
964,222,47,3,0,-12,
965,222,55,4,0,-52,
966,223,23,1,0,30,
967,223,55,2,0,19,
968,223,90,3,0,6,
969,223,84,4,0,-5,
970,223,98,5,0,-50,
971,224,9,1,0,49,
972,224,39,2,0,2,
973,224,6,3,0,-19,
974,224,52,4,0,-32,
975,225,42,1,0,47,
976,225,61,2,0,20,
977,225,71,3,0,0,
978,225,4,4,0,-22,
979,225,45,5,0,-45,
980,226,13,1,0,40,
981,226,47,2,0,9,
982,226,12,3,0,-8,
983,226,71,4,0,-41,
984,227,84,1,0,28,
985,227,55,2,0,11,
986,227,39,3,0,-14,
987,227,4,4,0,-25,
988,228,83,1,0,30,
989,228,45,2,0,16,
990,228,48,3,0,5,
991,228,23,4,0,-17,
992,228,9,5,0,-34,
993,229,71,1,0,32,
994,229,12,2,0,13,
995,229,13,3,0,-7,
996,229,47,4,0,-38,
997,230,61,1,0,41,
998,230,98,2,0,25,
999,230,52,3,0,-28,
1000,230,31,4,0,-38,
1001,231,9,1,0,53,
1002,231,45,2,0,11,
1003,231,98,3,0,-8,
1004,231,55,4,0,-19,
1005,231,47,5,0,-37,
1006,232,6,1,0,33,
1007,232,83,2,0,16,
1008,232,90,3,0,5,
1009,232,84,4,0,-6,
1010,232,13,5,0,-48,
1011,233,52,1,0,29,
1012,233,23,2,0,10,
1013,233,39,3,0,-3,
1014,233,71,4,0,-36,
1015,234,4,1,0,35,
1016,234,61,2,0,18,
1017,234,12,3,0,-7,
1018,234,42,4,0,-46,
1019,235,52,1,0,37,
1020,235,55,2,0,26,
1021,235,4,3,0,2,
1022,235,98,4,0,-26,
1023,235,84,5,0,-39,
1024,236,90,1,0,25,
1025,236,39,2,0,8,
1026,236,61,3,0,-8,
1027,236,45,4,0,-25,
1028,237,9,1,0,28,
1029,237,23,2,0,12,
1030,237,66,3,0,2,
1031,237,42,4,0,-8,
1032,237,48,5,0,-34,
1033,238,4,1,0,41,
1034,238,47,2,0,24,
1035,238,45,3,0,2,
1036,238,90,4,0,-28,
1037,238,61,5,0,-39,
1038,239,71,1,0,22,
1039,239,98,2,0,11,
1040,239,55,3,0,-11,
1041,239,84,4,0,-22,
1042,240,39,1,0,38,
1043,240,52,2,0,22,
1044,240,9,3,0,-6,
1045,240,42,4,0,-21,
1046,240,23,5,0,-33,
1047,241,52,1,0,30,
1048,241,55,2,0,14,
1049,241,4,3,0,-1,
1050,241,32,4,0,-15,
1051,241,90,5,0,-28,
1052,242,98,1,0,48,
1053,242,84,2,0,17,
1054,242,12,3,0,-9,
1055,242,23,4,0,-22,
1056,242,66,5,0,-34,
1057,243,21,1,0,30,
1058,243,9,2,0,18,
1059,243,39,3,0,-11,
1060,243,42,4,0,-37,
1061,244,61,1,0,32,
1062,244,98,2,0,21,
1063,244,84,3,0,2,
1064,244,23,4,0,-13,
1065,244,21,5,0,-42,
1066,245,52,1,0,28,
1067,245,13,2,0,16,
1068,245,71,3,0,2,
1069,245,9,4,0,-9,
1070,245,39,5,0,-37,
1071,246,45,1,0,46,
1072,246,4,2,0,24,
1073,246,42,3,0,-2,
1074,246,70,4,0,-23,
1075,246,6,5,0,-45,
1076,247,32,1,0,39,
1077,247,45,2,0,8,
1078,247,42,3,0,-10,
1079,247,6,4,0,-37,
1080,248,4,1,0,31,
1081,248,52,2,0,20,
1082,248,55,3,0,-16,
1083,248,61,4,0,-35,
1084,249,84,1,0,41,
1085,249,98,2,0,27,
1086,249,23,3,0,-6,
1087,249,71,4,0,-20,
1088,249,9,5,0,-42,
1089,250,98,1,0,27,
1090,250,71,2,0,13,
1091,250,84,3,0,1,
1092,250,4,4,0,-15,
1093,250,23,5,0,-26,
1094,251,9,1,0,31,
1095,251,66,2,0,13,
1096,251,55,3,0,-1,
1097,251,45,4,0,-15,
1098,251,42,5,0,-28,
1099,252,61,1,0,58,
1100,252,52,2,0,15,
1101,252,48,3,0,-2,
1102,252,39,4,0,-21,
1103,252,33,5,0,-50,
1104,253,45,1,0,55,
1105,253,4,2,0,13,
1106,253,98,3,0,3,
1107,253,84,4,0,-24,
1108,253,9,5,0,-47,
1109,254,55,1,0,46,
1110,254,23,2,0,34,
1111,254,52,3,0,-11,
1112,254,42,4,0,-25,
1113,254,71,5,0,-44,
1114,255,6,1,0,44,
1115,255,39,2,0,17,
1116,255,33,3,0,4,
1117,255,61,4,0,-18,
1118,255,90,5,0,-47,
1119,256,98,1,0,36,
1120,256,71,2,0,8,
1121,256,12,3,0,-15,
1122,256,55,4,0,-29,
1123,257,4,1,0,41,
1124,257,52,2,0,9,
1125,257,83,3,0,-16,
1126,257,9,4,0,-34,
1127,258,45,1,0,24,
1128,258,39,2,0,10,
1129,258,4,3,0,-1,
1130,258,33,4,0,-33,
1131,259,55,1,0,33,
1132,259,66,2,0,23,
1133,259,38,3,0,-21,
1134,259,70,4,0,-35,
1135,260,52,1,0,21,
1136,260,98,2,0,9,
1137,260,41,3,0,-9,
1138,260,42,4,0,-21,
1139,261,9,1,0,52,
1140,261,33,2,0,3,
1141,261,39,3,0,-15,
1142,261,23,4,0,-40,
1143,262,84,1,0,19,
1144,262,61,2,0,9,
1145,262,4,3,0,-2,
1146,262,13,4,0,-26,
1147,263,9,1,0,36,
1148,263,61,2,0,2,
1149,263,98,3,0,-11,
1150,263,52,4,0,-27,
1151,264,83,1,0,23,
1152,264,70,2,0,11,
1153,264,4,3,0,0,
1154,264,55,4,0,-34,
1155,265,55,1,0,28,
1156,265,38,2,0,17,
1157,265,4,3,0,-1,
1158,265,98,4,0,-44,
1159,266,6,1,0,61,
1160,266,83,2,0,8,
1161,266,33,3,0,-20,
1162,266,42,4,0,-49,
1163,267,13,1,0,27,
1164,267,84,2,0,7,
1165,267,70,3,0,-6,
1166,267,52,4,0,-28,
1167,268,66,1,0,55,
1168,268,42,2,0,27,
1169,268,23,3,0,-10,
1170,268,38,4,0,-23,
1171,268,13,5,0,-49,
1172,269,61,1,0,40,
1173,269,4,2,0,13,
1174,269,84,3,0,-1,
1175,269,33,4,0,-20,
1176,269,47,5,0,-32,
1177,270,98,1,0,39,
1178,270,55,2,0,20,
1179,270,52,3,0,-5,
1180,270,39,4,0,-16,
1181,270,71,5,0,-38,
1182,271,42,1,0,37,
1183,271,70,2,0,12,
1184,271,23,3,0,1,
1185,271,9,4,0,-15,
1186,271,4,5,0,-35,
1187,272,84,1,0,32,
1188,272,61,2,0,12,
1189,272,33,3,0,0,
1190,272,52,4,0,-15,
1191,272,45,5,0,-29,
1192,273,71,1,0,23,
1193,273,55,2,0,8,
1194,273,6,3,0,-9,
1195,273,98,4,0,-22,
1196,274,33,1,0,36,
1197,274,23,2,0,13,
1198,274,70,3,0,-3,
1199,274,12,4,0,-46,
1200,275,55,1,0,23,
1201,275,31,2,0,11,
1202,275,52,3,0,-5,
1203,275,21,4,0,-29,
1204,276,42,1,0,43,
1205,276,4,2,0,16,
1206,276,31,3,0,-19,
1207,276,61,4,0,-40,
1208,277,98,1,0,61,
1209,277,71,2,0,7,
1210,277,90,3,0,0,
1211,277,52,4,0,-22,
1212,277,9,5,0,-46,
1213,278,83,1,0,39,
1214,278,55,2,0,13,
1215,278,39,3,0,-14,
1216,278,21,4,0,-38,
1217,279,6,1,0,36,
1218,279,55,2,0,6,
1219,279,52,3,0,-8,
1220,279,71,4,0,-34,
1221,280,66,1,0,52,
1222,280,61,2,0,11,
1223,280,42,3,0,-6,
1224,280,4,4,0,-16,
1225,280,45,5,0,-41,
1226,281,70,1,0,39,
1227,281,84,2,0,6,
1228,281,33,3,0,-17,
1229,281,9,4,0,-28,
1230,282,83,1,0,25,
1231,282,23,2,0,11,
1232,282,47,3,0,-5,
1233,282,98,4,0,-31,
1234,283,47,1,0,30,
1235,283,61,2,0,12,
1236,283,23,3,0,-10,
1237,283,84,4,0,-32,
1238,284,42,1,0,31,
1239,284,55,2,0,16,
1240,284,52,3,0,-13,
1241,284,45,4,0,-34,
1242,285,90,1,0,42,
1243,285,4,2,0,21,
1244,285,9,3,0,-22,
1245,285,70,4,0,-41,
1246,286,71,1,0,27,
1247,286,12,2,0,15,
1248,286,39,3,0,-3,
1249,286,33,4,0,-13,
1250,286,98,5,0,-26,
1251,287,83,1,0,25,
1252,287,47,2,0,16,
1253,287,70,3,0,5,
1254,287,52,4,0,-11,
1255,287,33,5,0,-35,
1256,288,90,1,0,26,
1257,288,98,2,0,12,
1258,288,84,3,0,-9,
1259,288,39,4,0,-29,
1260,289,84,1,0,35,
1261,289,21,2,0,6,
1262,289,11,3,0,-12,
1263,289,23,4,0,-29,
1264,290,4,1,0,24,
1265,290,71,2,0,5,
1266,290,83,3,0,-7,
1267,290,66,4,0,-22,
1268,291,61,1,0,30,
1269,291,42,2,0,17,
1270,291,47,3,0,-6,
1271,291,9,4,0,-41,
1272,292,52,1,0,52,
1273,292,70,2,0,13,
1274,292,98,3,0,-19,
1275,292,33,4,0,-46,
1276,293,66,1,0,45,
1277,293,84,2,0,5,
1278,293,52,3,0,-17,
1279,293,4,4,0,-33,
1280,294,42,1,0,35,
1281,294,55,2,0,7,
1282,294,23,3,0,-7,
1283,294,33,4,0,-35,
1284,295,61,1,0,30,
1285,295,9,2,0,5,
1286,295,70,3,0,-8,
1287,295,27,4,0,-27,
1288,296,98,1,0,37,
1289,296,23,2,0,19,
1290,296,61,3,0,-15,
1291,296,33,4,0,-41,
1292,297,71,1,0,33,
1293,297,52,2,0,21,
1294,297,6,3,0,-9,
1295,297,84,4,0,-45,
1296,298,52,1,0,29,
1297,298,12,2,0,8,
1298,298,47,3,0,-8,
1299,298,4,4,0,-29,
1300,299,23,1,0,37,
1301,299,9,2,0,21,
1302,299,14,3,0,7,
1303,299,42,4,0,-19,
1304,299,11,5,0,-46,
1305,300,84,1,0,38,
1306,300,27,2,0,20,
1307,300,71,3,0,4,
1308,300,55,4,0,-16,
1309,300,83,5,0,-46,
1310,301,39,1,0,20,
1311,301,33,2,0,9,
1312,301,61,3,0,-6,
1313,301,98,4,0,-23,
1314,302,45,1,0,41,
1315,302,55,2,0,18,
1316,302,42,3,0,-5,
1317,302,84,4,0,-22,
1318,302,70,5,0,-32,
1319,303,39,1,0,31,
1320,303,52,2,0,20,
1321,303,98,3,0,2,
1322,303,61,4,0,-8,
1323,303,33,5,0,-45,
1324,304,9,1,0,43,
1325,304,47,2,0,7,
1326,304,23,3,0,-9,
1327,304,12,4,0,-41,
1328,305,4,1,0,73,
1329,305,98,2,0,7,
1330,305,95,3,0,-12,
1331,305,31,4,0,-68,
1332,306,9,1,0,28,
1333,306,55,2,0,5,
1334,306,90,3,0,-11,
1335,306,23,4,0,-22,
1336,307,84,1,0,30,
1337,307,71,2,0,8,
1338,307,42,3,0,-14,
1339,307,70,4,0,-24,
1340,308,39,1,0,23,
1341,308,41,2,0,6,
1342,308,52,3,0,-9,
1343,308,33,4,0,-20,
1344,309,52,1,0,42,
1345,309,14,2,0,1,
1346,309,55,3,0,-13,
1347,309,71,4,0,-30,
1348,310,61,1,0,26,
1349,310,9,2,0,15,
1350,310,98,3,0,-7,
1351,310,33,4,0,-34,
1352,311,70,1,0,26,
1353,311,83,2,0,15,
1354,311,11,3,0,-12,
1355,311,12,4,0,-29,
1356,312,39,1,0,31,
1357,312,6,2,0,3,
1358,312,42,3,0,-12,
1359,312,45,4,0,-22,
1360,313,13,1,0,35,
1361,313,98,2,0,13,
1362,313,9,3,0,-1,
1363,313,11,4,0,-15,
1364,313,12,5,0,-32,
1365,314,61,1,0,38,
1366,314,27,2,0,17,
1367,314,70,3,0,-4,
1368,314,38,4,0,-19,
1369,314,71,5,0,-32,
1370,315,55,1,0,30,
1371,315,84,2,0,14,
1372,315,83,3,0,2,
1373,315,52,4,0,-10,
1374,315,4,5,0,-36,
1375,316,38,1,0,35,
1376,316,70,2,0,18,
1377,316,42,3,0,6,
1378,316,9,4,0,-17,
1379,316,41,5,0,-42,
1380,317,45,1,0,38,
1381,317,4,2,0,11,
1382,317,61,3,0,-1,
1383,317,52,4,0,-18,
1384,317,71,5,0,-30,
1385,318,23,1,0,33,
1386,318,98,2,0,21,
1387,318,13,3,0,5,
1388,318,33,4,0,-24,
1389,318,12,5,0,-35,
1390,319,84,1,0,50,
1391,319,71,2,0,10,
1392,319,9,3,0,-2,
1393,319,70,4,0,-24,
1394,319,61,5,0,-34,
1395,320,12,1,0,34,
1396,320,83,2,0,18,
1397,320,52,3,0,-4,
1398,320,4,4,0,-18,
1399,320,45,5,0,-30,
1400,321,98,1,0,25,
1401,321,39,2,0,8,
1402,321,55,3,0,-9,
1403,321,33,4,0,-24,
1404,322,76,1,0,33,
1405,322,61,2,0,14,
1406,322,23,3,0,3,
1407,322,56,4,0,-8,
1408,322,52,5,0,-42,
1409,323,42,1,0,24,
1410,323,11,2,0,15,
1411,323,4,3,0,0,
1412,323,21,4,0,-39,
1413,324,29,1,0,26,
1414,324,33,2,0,11,
1415,324,26,3,0,-10,
1416,324,66,4,0,-27,
1417,325,84,1,0,31,
1418,325,55,2,0,20,
1419,325,9,3,0,-8,
1420,325,70,4,0,-43,
1421,326,6,1,0,42,
1422,326,81,2,0,16,
1423,326,46,3,0,-13,
1424,326,9,4,0,-45,
1425,327,4,1,0,27,
1426,327,53,2,0,9,
1427,327,56,3,0,-3,
1428,327,21,4,0,-33,
1429,328,98,1,0,34,
1430,328,70,2,0,15,
1431,328,11,3,0,-4,
1432,328,33,4,0,-45,
1433,329,83,1,0,30,
1434,329,23,2,0,14,
1435,329,26,3,0,4,
1436,329,27,4,0,-12,
1437,329,29,5,0,-36,
1438,330,84,1,0,20,
1439,330,55,2,0,8,
1440,330,76,3,0,-4,
1441,330,61,4,0,-24,
1442,331,53,1,0,53,
1443,331,98,2,0,13,
1444,331,9,3,0,-3,
1445,331,27,4,0,-21,
1446,331,11,5,0,-42,
1447,332,45,1,0,43,
1448,332,23,2,0,2,
1449,332,21,3,0,-12,
1450,332,66,4,0,-33,
1451,333,70,1,41900,32,
1452,333,84,2,28200,8,
1453,333,61,3,24200,-6,
1454,333,46,4,5700,-34,
1455,334,29,1,0,34,
1456,334,90,2,0,3,
1457,334,4,3,0,-7,
1458,334,56,4,0,-30,
1459,335,76,1,0,41,
1460,335,42,2,0,11,
1461,335,33,3,0,-9,
1462,335,83,4,0,-43,
1463,336,98,1,0,31,
1464,336,29,2,0,12,
1465,336,70,3,0,-13,
1466,336,26,4,0,-30,
1467,337,21,1,0,38,
1468,337,61,2,0,9,
1469,337,84,3,0,-16,
1470,337,56,4,0,-31,
1471,338,2,1,0,32,
1472,338,91,2,0,16,
1473,338,50,3,0,-7,
1474,338,9,4,0,-41,
1475,339,53,1,0,21,
1476,339,76,2,0,8,
1477,339,11,3,0,-4,
1478,339,12,4,0,-25,
1479,340,4,1,0,42,
1480,340,93,2,0,8,
1481,340,5,3,0,-9,
1482,340,27,4,0,-41,
1483,341,41,1,0,28,
1484,341,42,2,0,11,
1485,341,23,3,0,-13,
1486,341,55,4,0,-26,
1487,342,55,1,0,25,
1488,342,41,2,0,6,
1489,342,42,3,0,-4,
1490,342,23,4,0,-27,
1491,343,86,1,0,24,
1492,343,4,2,0,13,
1493,343,29,3,0,-12,
1494,343,53,4,0,-25,
1495,344,83,1,0,31,
1496,344,61,2,0,10,
1497,344,76,3,0,-7,
1498,344,23,4,0,-34,
1499,345,9,1,0,24,
1500,345,21,2,0,4,
1501,345,56,3,0,-8,
1502,345,93,4,0,-20,
1503,346,98,1,0,32,
1504,346,90,2,0,17,
1505,346,45,3,0,-12,
1506,346,91,4,0,-37,
1507,347,70,1,0,42,
1508,347,33,2,0,14,
1509,347,81,3,0,-10,
1510,347,46,4,0,-46,
1511,348,39,1,0,32,
1512,348,11,2,0,11,
1513,348,27,3,0,-16,
1514,348,55,4,0,-27,
1515,349,27,1,0,40,
1516,349,98,2,0,22,
1517,349,93,3,0,-13,
1518,349,90,4,0,-49,
1519,350,56,1,0,33,
1520,350,83,2,0,6,
1521,350,55,3,0,-8,
1522,350,11,4,0,-31,
1523,351,4,1,0,22,
1524,351,23,2,0,11,
1525,351,46,3,0,-9,
1526,351,81,4,0,-24,
1527,352,20,1,49900,40,
1528,352,33,2,35200,15,
1529,352,5,3,11100,-19,
1530,352,9,4,3800,-36,
1531,353,21,1,0,37,
1532,353,91,2,0,13,
1533,353,80,3,0,-4,
1534,353,75,4,0,-17,
1535,353,29,5,0,-29,
1536,354,39,1,0,47,
1537,354,61,2,0,6,
1538,354,84,3,0,-9,
1539,354,26,4,0,-44,
1540,355,53,1,0,29,
1541,355,86,2,0,1,
1542,355,76,3,0,-9,
1543,355,70,4,0,-21,
1544,356,83,1,0,27,
1545,356,6,2,0,15,
1546,356,9,3,0,-14,
1547,356,93,4,0,-28,
1548,357,53,1,0,30,
1549,357,84,2,0,15,
1550,357,90,3,0,-2,
1551,357,27,4,0,-43,
1552,358,70,1,0,24,
1553,358,29,2,0,8,
1554,358,61,3,0,-10,
1555,358,4,4,0,-22,
1556,359,31,1,0,44,
1557,359,33,2,0,5,
1558,359,12,3,0,-15,
1559,359,11,4,0,-34,
1560,360,13,1,49000,39,
1561,360,86,2,33500,13,
1562,360,49,3,24800,-5,
1563,360,21,4,-7300,-47,
1564,361,39,1,0,30,
1565,361,56,2,0,16,
1566,361,55,3,0,-16,
1567,361,22,4,0,-30,
1568,362,75,1,0,40,
1569,362,98,2,0,18,
1570,362,76,3,0,-17,
1571,362,20,4,0,-41,
1572,363,83,1,47600,37,
1573,363,93,2,23000,3,
1574,363,20,3,20500,-9,
1575,363,6,4,8900,-31,
1576,364,56,1,45200,36,
1577,364,84,2,28300,8,
1578,364,23,3,28200,-2,
1579,364,46,4,-1700,-42,
1580,365,29,1,41100,31,
1581,365,61,2,37800,18,
1582,365,4,3,17700,-12,
1583,365,27,4,3400,-37,
1584,366,76,1,38200,28,
1585,366,98,2,35100,15,
1586,366,11,3,20000,-10,
1587,366,73,4,6700,-33,
1588,367,21,1,40100,30,
1589,367,55,2,32600,13,
1590,367,30,3,17000,-13,
1591,367,86,4,10300,-30,
1592,368,9,1,39300,30,
1593,368,33,2,35700,16,
1594,368,53,3,21500,-9,
1595,368,15,4,3500,-37,
1596,369,23,1,37600,27,
1597,369,29,2,35000,15,
1598,369,4,3,30700,1,
1599,369,30,4,-3300,-43,
1600,370,75,1,36600,26,
1601,370,76,2,32900,13,
1602,370,83,3,22500,-7,
1603,370,20,4,8000,-32,
1604,371,11,1,41700,32,
1605,371,33,2,23900,4,
1606,371,86,3,23000,-7,
1607,371,42,4,11400,-29,
1608,372,84,1,38900,29,
1609,372,56,2,35600,16,
1610,372,21,3,24300,-6,
1611,372,93,4,1200,-39,
1612,373,9,1,38100,28,
1613,373,39,2,27100,7,
1614,373,45,3,18100,-12,
1615,373,76,4,16700,-23,
1616,374,75,1,36500,26,
1617,374,53,2,32900,13,
1618,374,83,3,22500,-7,
1619,374,20,4,8100,-32,
1620,375,61,1,61100,50,
1621,375,98,2,22800,3,
1622,375,11,3,17600,-12,
1623,375,83,4,-1500,-41,
1624,376,45,1,45800,36,
1625,376,29,2,37200,17,
1626,376,20,3,12700,-17,
1627,376,46,4,4300,-36,
1628,377,52,1,43400,34,
1629,377,53,2,26300,6,
1630,377,76,3,19000,-11,
1631,377,93,4,11300,-29,
1632,378,90,1,42700,33,
1633,378,55,2,28500,9,
1634,378,86,3,19300,-11,
1635,378,75,4,9500,-31,
1636,379,21,1,53700,43,
1637,379,9,2,22700,3,
1638,379,81,3,12800,-17,
1639,379,42,4,10800,-29,
1640,380,70,1,34000,23,
1641,380,13,2,33600,14,
1642,380,4,3,32500,3,
1643,380,30,4,-100,-40,
1644,381,61,1,32500,27,
1645,381,42,2,31800,17,
1646,381,75,3,28700,4,
1647,381,30,4,19400,-16,
1648,381,9,5,12600,-32,
1649,382,83,1,30100,21,
1650,382,70,2,29200,9,
1651,382,19,3,28300,-2,
1652,382,29,4,12400,-28,
1653,383,13,1,52100,42,
1654,383,4,2,26800,7,
1655,383,46,3,12200,-18,
1656,383,52,4,8900,-31,
1657,384,21,1,43000,33,
1658,384,23,2,40400,20,
1659,384,81,3,17000,-13,
1660,384,55,4,-400,-40,
1661,385,12,1,73100,63,
1662,385,76,2,20600,1,
1663,385,11,3,3300,-27,
1664,385,86,4,3000,-37,
1665,386,33,1,45000,40,
1666,386,56,2,39400,24,
1667,386,39,3,35700,11,
1668,386,93,4,11900,-23,
1669,386,53,5,-7000,-52,
1670,387,75,1,45900,37,
1671,387,61,2,19500,-1,
1672,387,33,3,19200,-11,
1673,387,70,4,15400,-25,
1674,388,77,1,50000,45,
1675,388,9,2,34700,20,
1676,388,93,3,23500,-2,
1677,388,4,4,14100,-21,
1678,388,11,5,2700,-42,
1679,389,86,1,50900,47,
1680,389,20,2,48200,33,
1681,389,45,3,30100,5,
1682,389,21,4,10400,-25,
1683,389,2,5,-14600,-60,
1684,390,76,1,52300,42,
1685,390,52,2,46700,27,
1686,390,42,3,600,-29,
1687,390,46,4,400,-40,
1688,391,29,1,39300,29,
1689,391,53,2,21700,2,
1690,391,81,3,21200,-9,
1691,391,30,4,17800,-22,
1692,392,39,1,51200,47,
1693,392,52,2,42200,27,
1694,392,55,3,24400,-1,
1695,392,21,4,9800,-25,
1696,392,75,5,-2600,-48,
1697,393,98,1,35900,25,
1698,393,11,2,34600,15,
1699,393,9,3,31800,2,
1700,393,33,4,-2300,-42,
1701,394,4,1,71800,62,
1702,394,20,2,14300,-6,
1703,394,83,3,14100,-16,
1704,394,30,4,-200,-40,
1705,395,76,1,42000,32,
1706,395,61,2,33000,13,
1707,395,84,3,26400,-4,
1708,395,29,4,-1400,-41,
1709,396,31,1,33700,24,
1710,396,23,2,26800,7,
1711,396,70,3,23400,-7,
1712,396,53,4,16100,-24,
1713,397,11,1,41000,36,
1714,397,29,2,36900,22,
1715,397,33,3,28700,4,
1716,397,21,4,25300,-10,
1717,397,52,5,-6900,-52,
1718,398,56,1,50300,41,
1719,398,13,2,18200,-2,
1720,398,76,3,17100,-13,
1721,398,20,4,14400,-26,
1722,399,98,1,47900,43,
1723,399,42,2,34900,20,
1724,399,9,3,16800,-8,
1725,399,30,4,14100,-21,
1726,399,70,5,11300,-34,
1727,400,53,1,44600,35,
1728,400,84,2,32700,13,
1729,400,45,3,13500,-17,
1730,400,75,4,9200,-31,
1731,401,75,1,43600,34,
1732,401,53,2,26200,6,
1733,401,4,3,22000,-8,
1734,401,29,4,8200,-32,
1735,402,98,1,36200,27,
1736,402,76,2,34200,14,
1737,402,33,3,33300,3,
1738,402,56,4,-3700,-44,
1739,403,9,1,30500,21,
1740,403,86,2,29100,9,
1741,403,52,3,20900,-9,
1742,403,42,4,19500,-21,
1743,404,93,1,43900,39,
1744,404,61,2,38900,24,
1745,404,11,3,20800,-4,
1746,404,55,4,15900,-19,
1747,404,84,5,5500,-40,
1748,405,4,1,46800,42,
1749,405,61,2,33300,18,
1750,405,6,3,20200,-5,
1751,405,52,4,13800,-21,
1752,405,55,5,10900,-34,
1753,406,76,1,54800,45,
1754,406,70,2,28800,9,
1755,406,53,3,27500,-3,
1756,406,77,4,-11100,-51,
1757,407,11,1,45600,36,
1758,407,42,2,30200,10,
1759,407,98,3,17800,-12,
1760,407,9,4,6400,-34,
1761,408,33,1,51500,46,
1762,408,29,2,37800,23,
1763,408,75,3,20800,-4,
1764,408,56,4,13800,-21,
1765,408,25,5,1100,-44,
1766,409,45,1,52700,43,
1767,409,84,2,24300,4,
1768,409,30,3,20800,-9,
1769,409,28,4,2200,-38,
1770,410,9,1,34800,25,
1771,410,30,2,29300,9,
1772,410,4,3,18000,-12,
1773,410,53,4,17900,-22,
1774,411,12,1,37100,27,
1775,411,75,2,29000,9,
1776,411,84,3,24800,-5,
1777,411,42,4,9100,-31,
1778,412,21,1,40500,31,
1779,412,11,2,22800,3,
1780,412,28,3,22400,-8,
1781,412,33,4,14300,-26,
1782,413,77,1,35500,30,
1783,413,52,2,33600,19,
1784,413,98,3,30700,6,
1785,413,70,4,26300,-9,
1786,413,23,5,-1100,-46,
1787,414,29,1,39600,30,
1788,414,61,2,37000,17,
1789,414,76,3,25000,-5,
1790,414,56,4,-1600,-42,
1791,415,6,1,35400,31,
1792,415,11,2,25600,11,
1793,415,77,3,23500,-2,
1794,415,64,4,21000,-14,
1795,415,29,5,19500,-26,
1796,416,84,1,57200,52,
1797,416,4,2,30600,16,
1798,416,52,3,19500,-6,
1799,416,62,4,14800,-20,
1800,416,70,5,2900,-42,
1801,417,42,1,46700,36,
1802,417,33,2,30100,10,
1803,417,18,3,24700,-5,
1804,417,71,4,-1500,-41,
1805,418,98,1,35600,25,
1806,418,55,2,35100,15,
1807,418,56,3,25700,-4,
1808,418,61,4,3600,-36,
1809,419,39,1,32300,22,
1810,419,53,2,31100,11,
1811,419,75,3,19000,-11,
1812,419,76,4,17600,-22,
1813,420,21,1,42300,33,
1814,420,45,2,30400,10,
1815,420,28,3,14900,-15,
1816,420,9,4,12400,-28,
1817,421,18,1,38700,33,
1818,421,55,2,34900,20,
1819,421,9,3,24700,0,
1820,421,98,4,18500,-16,
1821,421,77,5,8200,-37,
1822,422,76,1,62600,53,
1823,422,4,2,32300,12,
1824,422,56,3,11600,-18,
1825,422,29,4,-6500,-47,
1826,423,52,1,36300,32,
1827,423,42,2,34700,20,
1828,423,39,3,29500,4,
1829,423,61,4,25300,-10,
1830,423,71,5,-800,-46,
1831,424,70,1,38300,34,
1832,424,11,2,35500,20,
1833,424,84,3,28600,4,
1834,424,53,4,23500,-12,
1835,424,28,5,-900,-46,
1836,425,71,1,52100,48,
1837,425,55,2,43500,28,
1838,425,52,3,29000,4,
1839,425,70,4,4900,-30,
1840,425,31,5,-4500,-50,
1841,426,98,1,46700,38,
1842,426,9,2,31400,11,
1843,426,11,3,16400,-14,
1844,426,23,4,5500,-35,
1845,427,53,1,38700,28,
1846,427,28,2,24900,5,
1847,427,42,3,20700,-9,
1848,427,64,4,15700,-24,
1849,428,76,1,46400,41,
1850,428,75,2,31700,17,
1851,428,77,3,20200,-5,
1852,428,84,4,17600,-17,
1853,428,56,5,9100,-36,
1854,429,61,1,41100,32,
1855,429,23,2,29200,9,
1856,429,75,3,18300,-12,
1857,429,55,4,11400,-29,
1858,430,84,1,41400,32,
1859,430,98,2,27300,7,
1860,430,11,3,17000,-13,
1861,430,12,4,14300,-26,
1862,431,64,1,40500,36,
1863,431,39,2,25700,11,
1864,431,53,3,23000,-2,
1865,431,9,4,19400,-16,
1866,431,83,5,16400,-29,
1867,432,42,1,46200,37,
1868,432,52,2,46100,26,
1869,432,90,3,10300,-20,
1870,432,71,4,-2600,-43,
1871,433,18,1,49600,45,
1872,433,84,2,32700,18,
1873,433,55,3,27100,2,
1874,433,53,4,16400,-19,
1875,433,98,5,-800,-46,
1876,434,64,1,39400,34,
1877,434,76,2,33900,19,
1878,434,42,3,33200,8,
1879,434,9,4,16000,-19,
1880,434,30,5,2500,-42,
1881,435,11,1,54600,51,
1882,435,52,2,29500,14,
1883,435,70,3,18400,-7,
1884,435,75,4,12400,-23,
1885,435,3,5,10100,-35,
1886,436,21,1,47800,37,
1887,436,9,2,25900,6,
1888,436,55,3,21800,-8,
1889,436,76,4,4500,-35,
1890,437,12,1,48600,44,
1891,437,23,2,37600,23,
1892,437,75,3,31500,6,
1893,437,30,4,8900,-26,
1894,437,98,5,-1600,-47,
1895,438,18,1,34200,30,
1896,438,39,2,27000,12,
1897,438,61,3,26200,1,
1898,438,73,4,19500,-16,
1899,438,42,5,18100,-27,
1900,439,70,1,57600,48,
1901,439,84,2,24400,4,
1902,439,52,3,15500,-15,
1903,439,64,4,2500,-37,
1904,440,10,1,51400,41,
1905,440,24,2,38700,19,
1906,440,71,3,6100,-24,
1907,440,3,4,3800,-36,
1908,441,75,1,40000,30,
1909,441,98,2,32700,13,
1910,441,64,3,28300,-2,
1911,441,56,4,-1000,-41,
1912,442,73,1,37500,27,
1913,442,39,2,28000,8,
1914,442,76,3,26800,-3,
1915,442,55,4,7700,-32,
1916,443,42,1,42300,32,
1917,443,18,2,39400,19,
1918,443,53,3,24600,-5,
1919,443,12,4,-6300,-46,
1920,444,23,1,47100,38,
1921,444,9,2,29400,9,
1922,444,90,3,12300,-18,
1923,444,77,4,11200,-29,
1924,445,3,1,34800,25,
1925,445,70,2,27100,7,
1926,445,52,3,26300,-4,
1927,445,28,4,11800,-28,
1928,446,84,1,44000,33,
1929,446,87,2,27600,8,
1930,446,61,3,25800,-4,
1931,446,10,4,2600,-37,
1932,447,24,1,44900,35,
1933,447,13,2,25100,5,
1934,447,52,3,23100,-7,
1935,447,53,4,6900,-33,
1936,448,55,1,41800,32,
1937,448,9,2,29400,9,
1938,448,98,3,27900,-2,
1939,448,64,4,900,-39,
1940,449,73,1,38700,29,
1941,449,61,2,28700,9,
1942,449,75,3,25400,-5,
1943,449,87,4,7200,-33,
1944,450,18,1,47800,38,
1945,450,23,2,35000,15,
1946,450,84,3,18400,-12,
1947,450,10,4,-1200,-41,
1948,451,42,1,46200,36,
1949,451,76,2,28900,9,
1950,451,30,3,23600,-6,
1951,451,66,4,1300,-39,
1952,452,98,1,34400,24,
1953,452,39,2,28800,9,
1954,452,84,3,23600,-6,
1955,452,10,4,13200,-27,
1956,453,9,1,48000,38,
1957,453,55,2,32000,12,
1958,453,52,3,21000,-9,
1959,453,73,4,-1000,-41,
1960,454,55,1,44500,35,
1961,454,52,2,40900,21,
1962,454,9,3,14300,-16,
1963,454,73,4,300,-40,
1964,455,3,1,32900,29,
1965,455,53,2,31400,16,
1966,455,75,3,25200,0,
1967,455,11,4,19500,-16,
1968,455,30,5,16000,-29,
1969,456,42,1,41200,36,
1970,456,18,2,30400,15,
1971,456,12,3,25700,1,
1972,456,76,4,24500,-10,
1973,456,35,5,3200,-42,
1974,457,3,1,48400,39,
1975,457,70,2,21400,1,
1976,457,56,3,18200,-12,
1977,457,30,4,12000,-28,
1978,458,42,1,62200,57,
1979,458,61,2,34900,20,
1980,458,98,3,24900,0,
1981,458,64,4,6600,-28,
1982,458,53,5,-3600,-49,
1983,459,9,1,60000,50,
1984,459,55,2,14800,-5,
1985,459,84,3,13700,-16,
1986,459,24,4,11500,-29,
1987,460,75,1,42800,33,
1988,460,71,2,22900,3,
1989,460,11,3,20000,-10,
1990,460,45,4,14300,-26,
1991,461,76,1,41600,31,
1992,461,73,2,29900,10,
1993,461,35,3,28700,-1,
1994,461,23,4,-200,-40,
1995,462,39,1,47500,38,
1996,462,42,2,22300,2,
1997,462,11,3,19200,-11,
1998,462,98,4,11000,-29,
1999,463,64,1,47400,37,
2000,463,23,2,41700,22,
2001,463,30,3,11300,-19,
2002,463,12,4,-400,-40,
2003,464,70,1,60800,50,
2004,464,24,2,28100,8,
2005,464,3,3,12600,-17,
2006,464,55,4,-1500,-41,
2007,465,9,1,50500,41,
2008,465,84,2,33500,13,
2009,465,53,3,16400,-14,
2010,465,76,4,-400,-40,
2011,466,18,1,34300,25,
2012,466,10,2,31300,11,
2013,466,61,3,28300,-2,
2014,466,75,4,6100,-34,
2015,467,75,1,45000,41,
2016,467,76,2,32400,17,
2017,467,42,3,28300,3,
2018,467,83,4,19300,-16,
2019,467,11,5,0,-45,
2020,468,70,1,43200,38,
2021,468,53,2,26600,12,
2022,468,98,3,26300,1,
2023,468,52,4,22200,-13,
2024,468,24,5,6700,-38,
2025,469,56,1,43500,38,
2026,469,84,2,32600,18,
2027,469,31,3,26800,2,
2028,469,18,4,22700,-12,
2029,469,61,5,-600,-46,
2030,470,10,1,36400,31,
2031,470,53,2,32700,18,
2032,470,55,3,27100,2,
2033,470,30,4,26800,-8,
2034,470,56,5,2000,-43,
2035,471,64,1,39200,30,
2036,471,11,2,32100,12,
2037,471,17,3,15400,-15,
2038,471,6,4,13300,-27,
2039,472,76,1,53800,48,
2040,472,70,2,24800,10,
2041,472,98,3,21700,-3,
2042,472,84,4,14500,-20,
2043,472,9,5,10200,-35,
2044,473,42,1,35900,26,
2045,473,24,2,34900,15,
2046,473,52,3,16300,-14,
2047,473,73,4,12900,-27,
2048,474,55,1,39200,29,
2049,474,52,2,28700,9,
2050,474,61,3,21900,-8,
2051,474,17,4,10200,-30,
2052,475,73,1,54700,50,
2053,475,23,2,43700,29,
2054,475,75,3,18400,-7,
2055,475,96,4,13800,-21,
2056,475,4,5,-5600,-51,
2057,476,9,1,54600,45,
2058,476,30,2,22400,2,
2059,476,70,3,11900,-18,
2060,476,45,4,11100,-29,
2061,477,53,1,34500,24,
2062,477,84,2,32500,13,
2063,477,42,3,18400,-12,
2064,477,98,4,14600,-25,
2065,478,3,1,35700,30,
2066,478,76,2,25100,10,
2067,478,24,3,24900,0,
2068,478,85,4,21600,-13,
2069,478,18,5,17700,-27,
2070,479,85,1,49900,40,
2071,479,98,2,30100,10,
2072,479,93,3,10900,-19,
2073,479,3,4,9100,-31,
2074,480,4,1,40000,36,
2075,480,75,2,33500,18,
2076,480,23,3,19200,-6,
2077,480,66,4,18300,-17,
2078,480,84,5,14000,-31,
2079,481,70,1,44900,35,
2080,481,9,2,43500,23,
2081,481,87,3,14000,-16,
2082,481,73,4,-2400,-42,
2083,482,96,1,40800,31,
2084,482,8,2,32200,12,
2085,482,52,3,29000,-1,
2086,482,56,4,-2000,-42,
2087,483,30,1,36900,26,
2088,483,83,2,35600,16,
2089,483,24,3,15600,-14,
2090,483,11,4,11900,-28,
2091,484,39,1,39500,29,
2092,484,10,2,35700,16,
2093,484,53,3,25000,-5,
2094,484,86,4,-200,-40,
2095,485,55,1,49400,40,
2096,485,76,2,39400,19,
2097,485,42,3,8200,-22,
2098,485,17,4,3000,-37,
2099,486,42,1,40900,31,
2100,486,53,2,34300,14,
2101,486,75,3,28600,-1,
2102,486,85,4,-3800,-44,
2103,487,24,1,48900,38,
2104,487,4,2,26700,7,
2105,487,17,3,17700,-12,
2106,487,55,4,6700,-33,
2107,488,52,1,54700,45,
2108,488,98,2,29400,9,
2109,488,42,3,16900,-13,
2110,488,70,4,-1000,-41,
2111,489,55,1,41500,32,
2112,489,42,2,28300,8,
2113,489,73,3,18000,-12,
2114,489,71,4,12200,-28,
2115,490,70,1,47800,37,
2116,490,4,2,33900,14,
2117,490,74,3,11700,-18,
2118,490,76,4,6600,-33,
2119,491,24,1,68100,59,
2120,491,98,2,27400,7,
2121,491,77,3,8400,-22,
2122,491,17,4,-3900,-44,
2123,492,11,1,30700,21,
2124,492,76,2,30100,10,
2125,492,10,3,25800,-4,
2126,492,85,4,13400,-27,
2127,493,9,1,50700,41,
2128,493,56,2,42100,22,
2129,493,28,3,15100,-15,
2130,493,83,4,-7900,-48,
2131,494,9,1,37200,32,
2132,494,23,2,27600,13,
2133,494,70,3,24000,-1,
2134,494,98,4,19800,-15,
2135,494,53,5,16400,-29,
2136,495,52,1,44600,39,
2137,495,24,2,41900,27,
2138,495,55,3,21100,-4,
2139,495,56,4,18600,-16,
2140,495,28,5,-1200,-46,
2141,496,4,1,36600,27,
2142,496,11,2,31000,11,
2143,496,17,3,23000,-7,
2144,496,74,4,9400,-31,
2145,497,75,1,48300,39,
2146,497,61,2,26000,6,
2147,497,42,3,15300,-15,
2148,497,77,4,10400,-30,
2149,498,55,1,65400,55,
2150,498,73,2,19900,0,
2151,498,10,3,18800,-11,
2152,498,71,4,-4100,-44,
2153,499,42,1,48900,39,
2154,499,4,2,34300,14,
2155,499,18,3,12800,-17,
2156,499,17,4,4000,-36,
2157,500,24,1,41300,32,
2158,500,39,2,36000,16,
2159,500,98,3,24300,-6,
2160,500,31,4,-1600,-42,
2161,501,61,1,42600,33,
2162,501,53,2,27400,7,
2163,501,75,3,15800,-14,
2164,501,34,4,14200,-26,
2165,502,9,1,36400,31,
2166,502,85,2,31700,17,
2167,502,70,3,30100,5,
2168,502,30,4,16000,-19,
2169,502,82,5,10800,-34,
2170,503,1,1,45800,36,
2171,503,52,2,29200,9,
2172,503,74,3,25800,-4,
2173,503,84,4,-800,-41,
2174,504,82,1,40600,36,
2175,504,9,2,31700,17,
2176,504,70,3,28000,3,
2177,504,84,4,25400,-10,
2178,504,61,5,-700,-46,
2179,505,98,1,39100,29,
2180,505,52,2,34200,14,
2181,505,56,3,23000,-7,
2182,505,34,4,3700,-36,
2183,506,83,1,56000,46,
2184,506,23,2,41300,21,
2185,506,24,3,12600,-17,
2186,506,3,4,-9900,-50,
2187,507,55,1,54300,44,
2188,507,75,2,20000,0,
2189,507,53,3,14800,-15,
2190,507,42,4,10900,-29,
2191,508,4,1,54400,44,
2192,508,66,2,40700,21,
2193,508,17,3,7000,-23,
2194,508,77,4,-2100,-42,
2195,509,39,1,43700,33,
2196,509,30,2,33100,13,
2197,509,61,3,12600,-17,
2198,509,82,4,10600,-29,
2199,510,53,1,40600,30,
2200,510,75,2,24800,5,
2201,510,85,3,18700,-11,
2202,510,42,4,15900,-24,
2203,511,17,1,37900,27,
2204,511,6,2,35600,16,
2205,511,18,3,17800,-12,
2206,511,1,4,8700,-31,
2207,512,12,1,43500,38,
2208,512,24,2,38200,23,
2209,512,70,3,32900,8,
2210,512,4,4,8500,-26,
2211,512,3,5,1900,-43,
2212,513,55,1,44200,34,
2213,513,21,2,26400,6,
2214,513,98,3,18500,-11,
2215,513,34,4,10900,-29,
2216,514,84,1,40200,30,
2217,514,11,2,25300,5,
2218,514,52,3,18900,-11,
2219,514,76,4,15600,-24,
2220,515,9,1,42200,33,
2221,515,61,2,35000,15,
2222,515,11,3,14400,-16,
2223,515,34,4,8400,-32,
2224,516,98,1,58800,54,
2225,516,56,2,50900,36,
2226,516,55,3,13900,-11,
2227,516,75,4,5200,-30,
2228,516,23,5,-3800,-49,
2229,517,53,1,32900,23,
2230,517,1,2,23300,3,
2231,517,73,3,22200,-8,
2232,517,30,4,21600,-18,
2233,518,18,1,39700,30,
2234,518,17,2,38400,18,
2235,518,70,3,16800,-13,
2236,518,84,4,5100,-35,
2237,519,85,1,40900,36,
2238,519,76,2,37600,23,
2239,519,42,3,22400,-3,
2240,519,52,4,12300,-23,
2241,519,24,5,11800,-33,
2242,520,55,1,30100,20,
2243,520,1,2,28200,8,
2244,520,56,3,23700,-6,
2245,520,85,4,18000,-22,
2246,521,52,1,52700,42,
2247,521,42,2,42900,23,
2248,521,30,3,13600,-16,
2249,521,24,4,-9200,-49,
2250,522,11,1,57100,47,
2251,522,53,2,35500,15,
2252,522,9,3,7800,-22,
2253,522,34,4,-400,-40,
2254,523,61,1,46000,36,
2255,523,84,2,28400,8,
2256,523,23,3,25700,-4,
2257,523,98,4,-100,-40,
2258,524,75,1,43300,38,
2259,524,24,2,35100,20,
2260,524,70,3,26500,2,
2261,524,98,4,20900,-14,
2262,524,17,5,-800,-46,
2263,525,1,1,30600,26,
2264,525,66,2,28800,14,
2265,525,71,3,25300,0,
2266,525,10,4,23900,-11,
2267,525,12,5,16400,-29,
2268,526,42,1,39700,29,
2269,526,53,2,39700,20,
2270,526,11,3,14800,-15,
2271,526,73,4,5800,-34,
2272,527,61,1,36200,25,
2273,527,39,2,34700,15,
2274,527,52,3,26500,-3,
2275,527,85,4,2600,-37,
2276,528,76,1,37200,27,
2277,528,9,2,24200,4,
2278,528,18,3,20800,-9,
2279,528,83,4,17800,-22,
2280,529,9,1,44400,34,
2281,529,98,2,36900,17,
2282,529,17,3,12500,-17,
2283,529,70,4,6200,-34,
2284,530,24,1,42200,37,
2285,530,75,2,34300,19,
2286,530,42,3,21600,-3,
2287,530,55,4,14000,-21,
2288,530,30,5,12900,-32,
2289,531,11,1,44500,34,
2290,531,1,2,30700,11,
2291,531,34,3,13200,-17,
2292,531,73,4,11600,-28,
2293,532,18,1,37500,28,
2294,532,53,2,33300,13,
2295,532,52,3,16300,-14,
2296,532,37,4,12900,-27,
2297,533,61,1,54500,44,
2298,533,75,2,26500,7,
2299,533,17,3,20400,-10,
2300,533,1,4,-1400,-41,
2301,534,52,1,51500,42,
2302,534,98,2,31200,11,
2303,534,53,3,18100,-12,
2304,534,55,4,-800,-41,
2305,535,70,1,56700,47,
2306,535,23,2,30800,11,
2307,535,3,3,17400,-13,
2308,535,30,4,-4900,-45,
2309,536,82,1,36900,27,
2310,536,66,2,25600,6,
2311,536,37,3,20000,-10,
2312,536,34,4,17500,-23,
2313,537,73,1,53300,48,
2314,537,84,2,35500,20,
2315,537,24,3,27600,3,
2316,537,42,4,10800,-24,
2317,537,18,5,-2200,-47,
2318,538,11,1,38800,29,
2319,538,17,2,35100,15,
2320,538,42,3,27200,-3,
2321,538,24,4,-1100,-41,
2322,539,84,1,36900,26,
2323,539,52,2,26700,7,
2324,539,53,3,19900,-10,
2325,539,56,4,16500,-23,
2326,540,75,1,31500,21,
2327,540,30,2,24700,5,
2328,540,23,3,23200,-7,
2329,540,6,4,20600,-19,
2330,541,18,1,43300,33,
2331,541,61,2,33900,14,
2332,541,98,3,31000,1,
2333,541,73,4,-8200,-48,
2334,542,30,1,44100,34,
2335,542,75,2,31100,11,
2336,542,24,3,22200,-8,
2337,542,84,4,2600,-37,
2338,543,98,1,51400,41,
2339,543,42,2,30600,11,
2340,543,61,3,14600,-15,
2341,543,18,4,3400,-37,
2342,544,53,1,49000,39,
2343,544,3,2,22100,2,
2344,544,71,3,18400,-12,
2345,544,17,4,10500,-29,
2346,545,10,1,41000,31,
2347,545,76,2,35700,16,
2348,545,52,3,12900,-17,
2349,545,73,4,10400,-30,
2350,546,56,1,42700,33,
2351,546,61,2,25900,6,
2352,546,53,3,18000,-12,
2353,546,28,4,13400,-27,
2354,547,98,1,39000,29,
2355,547,52,2,29000,9,
2356,547,73,3,17300,-13,
2357,547,39,4,14700,-25,
2358,548,77,1,37800,32,
2359,548,17,2,26500,12,
2360,548,30,3,26000,1,
2361,548,75,4,20500,-14,
2362,548,37,5,14200,-31,
2363,549,84,1,54100,44,
2364,549,12,2,32000,12,
2365,549,18,3,7800,-22,
2366,549,71,4,6100,-34,
2367,550,70,1,59500,54,
2368,550,42,2,23800,9,
2369,550,31,3,18100,-7,
2370,550,3,4,14800,-20,
2371,550,24,5,8800,-36,
2372,551,71,1,51100,41,
2373,551,75,2,33000,13,
2374,551,70,3,11800,-18,
2375,551,44,4,4100,-36,
2376,552,53,1,35600,26,
2377,552,83,2,33000,13,
2378,552,42,3,20300,-10,
2379,552,34,4,11100,-29,
2380,553,30,1,53200,44,
2381,553,11,2,19300,-1,
2382,553,98,3,18400,-12,
2383,553,36,4,9100,-31,
2384,554,3,1,57800,48,
2385,554,84,2,19300,-1,
2386,554,24,3,16200,-14,
2387,554,61,4,6700,-33,
2388,555,52,1,45400,35,
2389,555,73,2,35600,16,
2390,555,55,3,12200,-18,
2391,555,1,4,6800,-33,
2392,556,61,1,36900,32,
2393,556,21,2,31100,16,
2394,556,17,3,28100,3,
2395,556,55,4,22000,-13,
2396,556,3,5,6900,-38,
2397,557,70,1,41700,36,
2398,557,24,2,36800,22,
2399,557,52,3,32700,8,
2400,557,34,4,15600,-19,
2401,557,53,5,-1800,-47,
2402,558,84,1,37000,27,
2403,558,98,2,36000,16,
2404,558,18,3,31400,1,
2405,558,44,4,-4400,-44,
2406,559,30,1,47100,41,
2407,559,73,2,30600,16,
2408,559,75,3,30100,5,
2409,559,1,4,19600,-15,
2410,559,42,5,-2400,-47,
2411,560,98,1,40200,30,
2412,560,61,2,37900,18,
2413,560,3,3,25900,-4,
2414,560,44,4,-4000,-44,
2415,561,42,1,53200,43,
2416,561,53,2,26000,6,
2417,561,17,3,16300,-14,
2418,561,58,4,4500,-35,
2419,562,24,1,41000,36,
2420,562,33,2,37300,22,
2421,562,52,3,23800,-1,
2422,562,55,4,11700,-23,
2423,562,34,5,11200,-34,
2424,563,18,1,43900,34,
2425,563,71,2,33800,14,
2426,563,70,3,22400,-8,
2427,563,75,4,-100,-40,
2428,564,55,1,36700,32,
2429,564,30,2,34000,19,
2430,564,52,3,28000,3,
2431,564,1,4,22200,-13,
2432,564,34,5,4100,-41,
2433,565,13,1,47800,42,
2434,565,70,2,38700,24,
2435,565,53,3,26500,2,
2436,565,56,4,15700,-19,
2437,565,24,5,-3700,-49,
2438,566,33,1,54800,45,
2439,566,21,2,16900,-3,
2440,566,17,3,16300,-14,
2441,566,18,4,12000,-28,
2442,567,61,1,50800,46,
2443,567,73,2,37700,23,
2444,567,78,3,24200,-1,
2445,567,98,4,15100,-20,
2446,567,36,5,-2800,-48,
2447,568,71,1,41500,32,
2448,568,75,2,39000,19,
2449,568,42,3,21100,-9,
2450,568,44,4,-1600,-42,
2451,569,21,1,44500,40,
2452,569,70,2,37300,22,
2453,569,78,3,27000,2,
2454,569,71,4,14400,-21,
2455,569,66,5,1800,-43,
2456,570,11,1,60700,56,
2457,570,44,2,26200,11,
2458,570,73,3,19800,-5,
2459,570,24,4,17400,-18,
2460,570,92,5,900,-44,
2461,571,52,1,46600,37,
2462,571,75,2,23500,3,
2463,571,3,3,22200,-8,
2464,571,94,4,7700,-32,
2465,572,18,1,32100,23,
2466,572,55,2,24300,4,
2467,572,61,3,23500,-7,
2468,572,53,4,20100,-20,
2469,573,84,1,40700,37,
2470,573,42,2,39400,24,
2471,573,98,3,39400,14,
2472,573,37,4,13200,-22,
2473,573,56,5,-7700,-53,
2474,574,92,1,33000,22,
2475,574,18,2,32700,13,
2476,574,42,3,25700,-4,
2477,574,78,4,8600,-31,
2478,575,24,1,34100,24,
2479,575,36,2,30000,10,
2480,575,13,3,18500,-11,
2481,575,73,4,17400,-23,
2482,576,3,1,43100,33,
2483,576,30,2,26700,7,
2484,576,98,3,18300,-12,
2485,576,71,4,11900,-28,
2486,577,83,1,44100,34,
2487,577,52,2,32400,12,
2488,577,75,3,24700,-5,
2489,577,44,4,-1200,-41,
2490,578,11,1,37900,28,
2491,578,55,2,29000,9,
2492,578,84,3,23700,-6,
2493,578,39,4,9400,-31,
2494,579,12,1,46300,36,
2495,579,70,2,23500,3,
2496,579,21,3,17600,-12,
2497,579,61,4,12600,-27,
2498,580,98,1,55600,51,
2499,580,73,2,33200,18,
2500,580,1,3,20200,-5,
2501,580,44,4,11300,-24,
2502,580,21,5,4700,-40,
2503,581,92,1,43300,39,
2504,581,18,2,31700,17,
2505,581,34,3,25300,0,
2506,581,75,4,25200,-10,
2507,581,56,5,-500,-46,
2508,582,11,1,43000,33,
2509,582,13,2,39200,19,
2510,582,70,3,11300,-19,
2511,582,42,4,6500,-33,
2512,583,61,1,46900,37,
2513,583,78,2,35000,15,
2514,583,52,3,19000,-11,
2515,583,17,4,-900,-41,
2516,584,84,1,52200,48,
2517,584,37,2,31200,16,
2518,584,30,3,25500,0,
2519,584,51,4,12600,-22,
2520,584,55,5,3500,-42,
2521,585,17,1,39600,28,
2522,585,70,2,33200,14,
2523,585,33,3,27300,-2,
2524,585,55,4,-100,-40,
